<?xml version="1.0" encoding="UTF-8"?>
<project version="4">
  <component name="AutoImportSettings">
    <option name="autoReloadType" value="SELECTIVE" />
  </component>
  <component name="ChangeListManager">
    <list default="true" id="3ac5634d-bd92-44f3-96bc-67a9a7a81919" name="Changes" comment="">
      <change afterPath="$PROJECT_DIR$/.idea/.gitignore" afterDir="false" />
      <change afterPath="$PROJECT_DIR$/.idea/inspectionProfiles/Project_Default.xml" afterDir="false" />
      <change afterPath="$PROJECT_DIR$/.idea/inspectionProfiles/profiles_settings.xml" afterDir="false" />
      <change afterPath="$PROJECT_DIR$/.idea/misc.xml" afterDir="false" />
      <change afterPath="$PROJECT_DIR$/.idea/modules.xml" afterDir="false" />
      <change afterPath="$PROJECT_DIR$/.idea/projecttest.iml" afterDir="false" />
      <change afterPath="$PROJECT_DIR$/.idea/vcs.xml" afterDir="false" />
      <change afterPath="$PROJECT_DIR$/bot_general.py" afterDir="false" />
      <change afterPath="$PROJECT_DIR$/config.py" afterDir="false" />
      <change afterPath="$PROJECT_DIR$/koruption.txt" afterDir="false" />
      <change afterPath="$PROJECT_DIR$/koruption5.py" afterDir="false" />
      <change afterPath="$PROJECT_DIR$/openai_korup3.py" afterDir="false" />
      <change afterPath="$PROJECT_DIR$/text/Բարձր տեխնոլոգիական արդյունաբերություն.txt" afterDir="false" />
      <change afterPath="$PROJECT_DIR$/text/Կոռուպցիա․txt" afterDir="false" />
      <change afterPath="$PROJECT_DIR$/text/ՀՀ Աշխատանքի և սոցիալական հարցերի ոլորտում.txt" afterDir="false" />
      <change afterPath="$PROJECT_DIR$/text/ՀՀ Կրթության, գիտության, մշակույթի և սպորտի.txt" afterDir="false" />
      <change afterPath="$PROJECT_DIR$/text/ՀՀ Տարածքային կառավարման և ենթակառուցվածքների.txt" afterDir="false" />
      <change afterPath="$PROJECT_DIR$/text/ՀՀ առողջապահության .txt" afterDir="false" />
      <change afterPath="$PROJECT_DIR$/text/ՀՀ արդարադատության ոլորտում.txt" afterDir="false" />
      <change afterPath="$PROJECT_DIR$/text/ՀՀ արտաքին գործերի.txt" afterDir="false" />
      <change afterPath="$PROJECT_DIR$/text/ՀՀ էկոնոմիկայի.txt" afterDir="false" />
      <change afterPath="$PROJECT_DIR$/text/ՀՀ թաղապետարաններում, քաղաքապետարանում.txt" afterDir="false" />
      <change afterPath="$PROJECT_DIR$/text/ՀՀ մատենադարանում, թանգարաններում, ցուցասրահներում և արխիվներում .txt" afterDir="false" />
      <change afterPath="$PROJECT_DIR$/text/ՀՀ ներքին գործերի.txt" afterDir="false" />
      <change afterPath="$PROJECT_DIR$/text/ՀՀ պաշտպանության.txt" afterDir="false" />
      <change afterPath="$PROJECT_DIR$/text/ՀՀ վարչապետը.txt" afterDir="false" />
      <change afterPath="$PROJECT_DIR$/text/ՀՀ ֆինանսների.txt" afterDir="false" />
      <change afterPath="$PROJECT_DIR$/text/Շրջակա միջավայրի.txt" afterDir="false" />
    </list>
    <option name="SHOW_DIALOG" value="false" />
    <option name="HIGHLIGHT_CONFLICTS" value="true" />
    <option name="HIGHLIGHT_NON_ACTIVE_CHANGELIST" value="false" />
    <option name="LAST_RESOLUTION" value="IGNORE" />
  </component>
  <component name="FileTemplateManagerImpl">
    <option name="RECENT_TEMPLATES">
      <list>
        <option value="Python Script" />
      </list>
    </option>
  </component>
  <component name="Git.Settings">
    <option name="RECENT_GIT_ROOT_PATH" value="$PROJECT_DIR$" />
  </component>
  <component name="ProjectColorInfo">{
  &quot;associatedIndex&quot;: 1
}</component>
  <component name="ProjectId" id="2kg2Fw1iA0qiiI1DDAzzKgdOYRp" />
  <component name="ProjectViewState">
    <option name="hideEmptyMiddlePackages" value="true" />
    <option name="showLibraryContents" value="true" />
  </component>
  <component name="PropertiesComponent">{
  &quot;keyToString&quot;: {
    &quot;Python.bot_1.executor&quot;: &quot;Run&quot;,
    &quot;Python.bot_flask_server.executor&quot;: &quot;Run&quot;,
    &quot;Python.bot_flask_server2.executor&quot;: &quot;Run&quot;,
    &quot;Python.bot_general.executor&quot;: &quot;Run&quot;,
    &quot;Python.bot_general_.executor&quot;: &quot;Run&quot;,
    &quot;Python.bot_general_2.executor&quot;: &quot;Run&quot;,
    &quot;Python.close_button.executor&quot;: &quot;Run&quot;,
    &quot;Python.close_button2.executor&quot;: &quot;Run&quot;,
    &quot;Python.koruption4.executor&quot;: &quot;Run&quot;,
    &quot;Python.koruption5.executor&quot;: &quot;Run&quot;,
    &quot;Python.openai.executor&quot;: &quot;Run&quot;,
    &quot;Python.openai_integration.executor&quot;: &quot;Run&quot;,
    &quot;Python.openai_korup.executor&quot;: &quot;Run&quot;,
    &quot;Python.openai_korup2.executor&quot;: &quot;Run&quot;,
    &quot;Python.openai_korup3.executor&quot;: &quot;Run&quot;,
    &quot;Python.outstartdesk.executor&quot;: &quot;Run&quot;,
    &quot;Python.show_menu.executor&quot;: &quot;Run&quot;,
    &quot;Python.without_bov.executor&quot;: &quot;Run&quot;,
    &quot;RunOnceActivity.ShowReadmeOnStart&quot;: &quot;true&quot;,
    &quot;git-widget-placeholder&quot;: &quot;master&quot;,
    &quot;last_opened_file_path&quot;: &quot;C:/Users/PC/PycharmProjects/Demos2.py&quot;,
    &quot;settings.editor.selected.configurable&quot;: &quot;com.jetbrains.python.configuration.PyActiveSdkModuleConfigurable&quot;
  }
}</component>
  <component name="RecentsManager">
    <key name="CopyFile.RECENT_KEYS">
      <recent name="C:\Users\PC\PycharmProjects\projecttest" />
    </key>
    <key name="MoveFile.RECENT_KEYS">
      <recent name="C:\Users\PC\PycharmProjects\projecttest\text" />
    </key>
  </component>
  <component name="SharedIndexes">
    <attachedChunks>
      <set>
        <option value="bundled-python-sdk-babbdf50b680-746f403e7f0c-com.jetbrains.pycharm.community.sharedIndexes.bundled-PC-241.15989.155" />
      </set>
    </attachedChunks>
  </component>
  <component name="SpellCheckerSettings" RuntimeDictionaries="0" Folders="0" CustomDictionaries="0" DefaultDictionary="application-level" UseSingleDictionary="true" transferred="true" />
  <component name="TaskManager">
    <task active="true" id="Default" summary="Default task">
      <changelist id="3ac5634d-bd92-44f3-96bc-67a9a7a81919" name="Changes" comment="" />
      <created>1723690799160</created>
      <option name="number" value="Default" />
      <option name="presentableId" value="Default" />
      <updated>1723690799160</updated>
    </task>
    <servers />
  </component>
  <component name="Vcs.Log.Tabs.Properties">
    <option name="TAB_STATES">
      <map>
        <entry key="MAIN">
          <value>
            <State />
          </value>
        </entry>
      </map>
    </option>
  </component>
</project>